{"title": "Apple iPhone SE (Black, 64 GB)", "price": "\u20b931899", "image_urls": ["https://cdn.shopclues.com/images1/thumbnails/111834/280/1/151342023-111834367-1604058723.jpg"], "discount": "24% Off", "images": [{"url": "https://cdn.shopclues.com/images1/thumbnails/111834/280/1/151342023-111834367-1604058723.jpg", "path": "full/80a2c0cb4e736ec64343f1019854d59b9aa08f56.jpg", "checksum": "69c1e909c8886e55192ed0edf9ab2f8d", "status": "downloaded"}]}
{"title": "Apple iPhone 11 Pro Max 256GB 4GB RAM Smartphone Space Gray", "price": "\u20b9111789", "image_urls": ["https://cdn.shopclues.com/images1/thumbnails/103021/280/1/147954395-103021952-1569663775.jpg"], "discount": "13% Off", "images": [{"url": "https://cdn.shopclues.com/images1/thumbnails/103021/280/1/147954395-103021952-1569663775.jpg", "path": "full/1cf3355298edd687b1fc06469ff0471d32eca8dc.jpg", "checksum": "326d1f32c31a17c74f905d8022aa3651", "status": "downloaded"}]}
{"title": "Apple iPhone 11 128GB 4GB RAM, Smartphone Red", "price": "\u20b963079", "image_urls": ["https://cdn.shopclues.com/images1/thumbnails/103161/280/1/148034981-103161913-1570691864.jpg"], "discount": "18% Off", "images": [{"url": "https://cdn.shopclues.com/images1/thumbnails/103161/280/1/148034981-103161913-1570691864.jpg", "path": "full/374773668d2f51b358acfce5d083cd816cf71b25.jpg", "checksum": "329ab5256be1d121180843f582d958c6", "status": "downloaded"}]}
{"title": "Apple iPhone 11 Pro Max  256GB 4GB RAM Smartphone  Midnight Green", "price": "\u20b9112329", "image_urls": ["https://cdn.shopclues.com/images1/thumbnails/103022/280/1/147954685-103022343-1569665082.jpg"], "discount": "13% Off", "images": [{"url": "https://cdn.shopclues.com/images1/thumbnails/103022/280/1/147954685-103022343-1569665082.jpg", "path": "full/7905204098ce2353110c62e5f182bb553849167f.jpg", "checksum": "93c0f357004cf2579cf2b6b4946bd1ff", "status": "downloaded"}]}
{"title": "Apple iPhone XR 64GB 3GB RAM, Smartphone", "price": "\u20b939199", "image_urls": ["https://cdn.shopclues.com/images1/thumbnails/102574/280/1/147630484-102574886-1567152276.jpg"], "discount": "37% Off", "images": [{"url": "https://cdn.shopclues.com/images1/thumbnails/102574/280/1/147630484-102574886-1567152276.jpg", "path": "full/839317d1d4e453c9d796f99c0c1c6405e7cd751b.jpg", "checksum": "bb2cfed40de763d530602f582f0aa641", "status": "downloaded"}]}
{"title": "Apple iPhone 11 Pro Max 64GB 4GB RAM Smartphone Space Gray", "price": "\u20b9103339", "image_urls": ["https://cdn.shopclues.com/images1/thumbnails/103020/280/1/147952664-103020507-1569653980.jpg"], "discount": "13% Off", "images": [{"url": "https://cdn.shopclues.com/images1/thumbnails/103020/280/1/147952664-103020507-1569653980.jpg", "path": "full/6a26545242c6813765064909f384f1d56da6a9b8.jpg", "checksum": "326d1f32c31a17c74f905d8022aa3651", "status": "downloaded"}]}
{"title": "Apple iPhone 11 Pro Max  64GB 4GB RAM Smartphone Silver", "price": "\u20b9103339", "image_urls": ["https://cdn.shopclues.com/images1/thumbnails/103020/280/1/147952872-103020614-1569655152.jpg"], "discount": "13% Off", "images": [{"url": "https://cdn.shopclues.com/images1/thumbnails/103020/280/1/147952872-103020614-1569655152.jpg", "path": "full/14c830b5b4c79d342c0ce5d65429512624b461e5.jpg", "checksum": "326d1f32c31a17c74f905d8022aa3651", "status": "downloaded"}]}
{"title": "Apple iPhone 11 Pro Max  64GB 4GB RAM Smartphone  Midnight Green", "price": "\u20b9103339", "image_urls": ["https://cdn.shopclues.com/images1/thumbnails/103020/280/1/147953075-103020751-1569656294.jpg"], "discount": "13% Off", "images": [{"url": "https://cdn.shopclues.com/images1/thumbnails/103020/280/1/147953075-103020751-1569656294.jpg", "path": "full/90f8e81e32727b239f98189256885c10d544ebb2.jpg", "checksum": "93c0f357004cf2579cf2b6b4946bd1ff", "status": "downloaded"}]}
{"title": "Apple iPhone 11 Pro Max  256GB 4GB RAM Smartphone SILVER", "price": "\u20b9112329", "image_urls": ["https://cdn.shopclues.com/images1/thumbnails/103022/280/1/147954600-103022228-1569664676.jpg"], "discount": "13% Off", "images": [{"url": "https://cdn.shopclues.com/images1/thumbnails/103022/280/1/147954600-103022228-1569664676.jpg", "path": "full/e5ec3c68ab73095ac8b2b6ea816ebd6a638f7aa4.jpg", "checksum": "326d1f32c31a17c74f905d8022aa3651", "status": "downloaded"}]}
{"title": "Unboxed Apple iPhone XR 64GB 3GB RAM Mobile Phone", "price": "\u20b935940", "image_urls": ["https://cdn.shopclues.com/images1/thumbnails/104546/280/1/148838554-104546119-1579249958.jpg"], "discount": "18% Off", "images": [{"url": "https://cdn.shopclues.com/images1/thumbnails/104546/280/1/148838554-104546119-1579249958.jpg", "path": "full/d392f3040a80a5cf614417f13b88cc2f170d7310.jpg", "checksum": "8bee019f3229d238f83940f0d7c05d1a", "status": "downloaded"}]}
{"title": "Apple iPhone 11 Pro Max  256GB 4GB RAM Smartphone  Gold", "price": "\u20b9112329", "image_urls": ["https://cdn.shopclues.com/images1/thumbnails/103022/280/1/147954765-103022473-1569665522.jpg"], "discount": "13% Off", "images": [{"url": "https://cdn.shopclues.com/images1/thumbnails/103022/280/1/147954765-103022473-1569665522.jpg", "path": "full/297e6a5c2cdc660738f8d4b3dab57fb58c735c13.jpg", "checksum": "326d1f32c31a17c74f905d8022aa3651", "status": "downloaded"}]}
{"title": "Apple iPhone 11 Pro Max  512GB 4GB RAM Smartphone  Space Gray", "price": "\u20b9121400", "image_urls": ["https://cdn.shopclues.com/images1/thumbnails/103022/280/1/147954853-103022511-1569666081.jpg"], "discount": "17% Off", "images": [{"url": "https://cdn.shopclues.com/images1/thumbnails/103022/280/1/147954853-103022511-1569666081.jpg", "path": "full/081624e2cdd96c32c20b0f03f015258913f13906.jpg", "checksum": "326d1f32c31a17c74f905d8022aa3651", "status": "downloaded"}]}
{"title": "Apple iPhone 11 Pro Max  256GB 4GB RAM Smartphone  Silver", "price": "\u20b997490", "image_urls": ["https://cdn.shopclues.com/images1/thumbnails/103022/280/1/147954963-103022539-1569666807.jpg"], "discount": "34% Off", "images": [{"url": "https://cdn.shopclues.com/images1/thumbnails/103022/280/1/147954963-103022539-1569666807.jpg", "path": "full/eefa9517a13567aba3ba3f7fba461871c85b0b3e.jpg", "checksum": "326d1f32c31a17c74f905d8022aa3651", "status": "downloaded"}]}
{"title": "Apple iPhone 11 Pro Max  256GB 4GB RAM Smartphone  Midnight Green", "price": "\u20b987249", "image_urls": ["https://cdn.shopclues.com/images1/thumbnails/103022/280/1/147955040-103022577-1569667301.jpg"], "discount": "41% Off", "images": [{"url": "https://cdn.shopclues.com/images1/thumbnails/103022/280/1/147955040-103022577-1569667301.jpg", "path": "full/e0b460519fc30784f4b51aa276fce91c11afb9d8.jpg", "checksum": "93c0f357004cf2579cf2b6b4946bd1ff", "status": "downloaded"}]}
{"title": "Apple iPhone 11 Pro Max 512GB 4GB RAM Smartphone  Gold", "price": "\u20b9106469", "image_urls": ["https://cdn.shopclues.com/images1/thumbnails/103022/280/1/147955114-103022595-1569667754.jpg"], "discount": "28% Off", "images": [{"url": "https://cdn.shopclues.com/images1/thumbnails/103022/280/1/147955114-103022595-1569667754.jpg", "path": "full/44dea227f96bf97071bd44c85b14a7bc4c38fb0b.jpg", "checksum": "326d1f32c31a17c74f905d8022aa3651", "status": "downloaded"}]}
{"title": "Apple iPhone 11 Pro Max  64GB 4GB RAM Smartphone  Gold", "price": "\u20b9103339", "image_urls": ["https://cdn.shopclues.com/images1/thumbnails/103020/280/1/147953172-103020760-1569656917.jpg"], "discount": "13% Off", "images": [{"url": "https://cdn.shopclues.com/images1/thumbnails/103020/280/1/147953172-103020760-1569656917.jpg", "path": "full/acb405484468433e45584e9c9eb914d2ac0cf6a1.jpg", "checksum": "326d1f32c31a17c74f905d8022aa3651", "status": "downloaded"}]}
{"title": "Apple iPhone 11 Pro  64GB 4GB RAM Smartphone Space Gray,", "price": "\u20b993999", "image_urls": ["https://cdn.shopclues.com/images1/thumbnails/103064/280/1/147976385-103064864-1569824912.jpg"], "discount": "17% Off", "images": [{"url": "https://cdn.shopclues.com/images1/thumbnails/103064/280/1/147976385-103064864-1569824912.jpg", "path": "full/820da361345ddfcfed73d2659040e5344be3c7ed.jpg", "checksum": "326d1f32c31a17c74f905d8022aa3651", "status": "downloaded"}]}
{"title": "Apple iPhone 11 Pro  64GB 4GB RAM Smartphone Silver", "price": "\u20b993999", "image_urls": ["https://cdn.shopclues.com/images1/thumbnails/103064/280/1/147976399-103064882-1569825476.jpg"], "discount": "17% Off", "images": [{"url": "https://cdn.shopclues.com/images1/thumbnails/103064/280/1/147976399-103064882-1569825476.jpg", "path": "full/29d8bbeee02eb67822f5c58726eb996123555149.jpg", "checksum": "326d1f32c31a17c74f905d8022aa3651", "status": "downloaded"}]}
{"title": "Apple iPhone 11 Pro  64GB 4GB RAM Smartphone Gold", "price": "\u20b993999", "image_urls": ["https://cdn.shopclues.com/images1/thumbnails/103064/280/1/147976414-103064897-1569825859.jpg"], "discount": "17% Off", "images": [{"url": "https://cdn.shopclues.com/images1/thumbnails/103064/280/1/147976414-103064897-1569825859.jpg", "path": "full/d982c787a3ccd8605d86857ad32cf184667943a6.jpg", "checksum": "326d1f32c31a17c74f905d8022aa3651", "status": "downloaded"}]}
{"title": "Apple iPhone 11 Pro  64GB 4GB RAM Smartphone Midnight Green", "price": "\u20b993999", "image_urls": ["https://cdn.shopclues.com/images1/thumbnails/103064/280/1/147976425-103064906-1569826194.jpg"], "discount": "17% Off", "images": [{"url": "https://cdn.shopclues.com/images1/thumbnails/103064/280/1/147976425-103064906-1569826194.jpg", "path": "full/f32651bfe00fdcdbe13106d3ca3b04c551aa2e9c.jpg", "checksum": "93c0f357004cf2579cf2b6b4946bd1ff", "status": "downloaded"}]}
{"title": "Apple iPhone 11 Pro  256GB 4GB RAM Smartphone Space Gray", "price": "\u20b9107899", "image_urls": ["https://cdn.shopclues.com/images1/thumbnails/103064/280/1/147976438-103064933-1569826611.jpg"], "discount": "14% Off", "images": [{"url": "https://cdn.shopclues.com/images1/thumbnails/103064/280/1/147976438-103064933-1569826611.jpg", "path": "full/97b58e9db1ce3f44d34e483b1e56023dbf5587ae.jpg", "checksum": "326d1f32c31a17c74f905d8022aa3651", "status": "downloaded"}]}
{"title": "Apple iPhone 11 Pro  256GB 4GB RAM Smartphone  Silver", "price": "\u20b9107899", "image_urls": ["https://cdn.shopclues.com/images1/thumbnails/103064/280/1/147976452-103064938-1569827065.jpg"], "discount": "14% Off", "images": [{"url": "https://cdn.shopclues.com/images1/thumbnails/103064/280/1/147976452-103064938-1569827065.jpg", "path": "full/1c39f303389af14905fcd3e707c35a00a0bece0f.jpg", "checksum": "326d1f32c31a17c74f905d8022aa3651", "status": "downloaded"}]}
{"title": "Apple iPhone 11 Pro  256GB 4GB RAM Smartphone  Gold", "price": "\u20b9107899", "image_urls": ["https://cdn.shopclues.com/images1/thumbnails/103064/280/1/147976454-103064939-1569827511.jpg"], "discount": "14% Off", "images": [{"url": "https://cdn.shopclues.com/images1/thumbnails/103064/280/1/147976454-103064939-1569827511.jpg", "path": "full/59a668f0d33d02d335bae4230cced7f90e77e85a.jpg", "checksum": "326d1f32c31a17c74f905d8022aa3651", "status": "downloaded"}]}
{"title": "Apple iPhone 11 Pro 256GB 4GB RAM Smartphone Midnight Green", "price": "\u20b9107899", "image_urls": ["https://cdn.shopclues.com/images1/thumbnails/103064/280/1/147976480-103064960-1569827876.jpg"], "discount": "14% Off", "images": [{"url": "https://cdn.shopclues.com/images1/thumbnails/103064/280/1/147976480-103064960-1569827876.jpg", "path": "full/ba419d9c48752c64a2b9df6590692645286ac07a.jpg", "checksum": "93c0f357004cf2579cf2b6b4946bd1ff", "status": "downloaded"}]}
