{"title": "Ikigai: The Japanese secret to a long and happy life", "price": "Ikigai: The Japanese secret to a long and happy life", "image_urls": ["https://m.media-amazon.com/images/I/81l3rZK4lnL._AC_UY218_.jpg"], "discount": "\n\n\n\nH\u00e9ctor Garc\u00eda\n\n\n", "images": [{"url": "https://m.media-amazon.com/images/I/81l3rZK4lnL._AC_UY218_.jpg", "path": "full/5856134c757f18d3510c452e96dac270a6212bb5.jpg", "checksum": "92f4787ae746a2ff507521907dd585ab", "status": "downloaded"}]}
{"title": "One Arranged Murder", "price": "One Arranged Murder", "image_urls": ["https://m.media-amazon.com/images/I/61r-WomIz0L._AC_UY218_.jpg"], "discount": "\n\n\n\nJay Shetty\n\n\n", "images": [{"url": "https://m.media-amazon.com/images/I/61r-WomIz0L._AC_UY218_.jpg", "path": "full/0939395b3db774e20e6cb6a4ec0de3b5d9b74524.jpg", "checksum": "4ec7d05da30fdff6d318764ffb4e2984", "status": "downloaded"}]}
{"title": "Attitude Is Everything: Change Your Attitude ... Change Your Life!", "price": "Attitude Is Everything: Change Your Attitude ... Change Your Life!", "image_urls": ["https://m.media-amazon.com/images/I/710jnzKlDTL._AC_UY218_.jpg"], "discount": "\n\n\n\nJeff Keller\n\n\n", "images": [{"url": "https://m.media-amazon.com/images/I/710jnzKlDTL._AC_UY218_.jpg", "path": "full/8c3e142759e63d8db4f423d7fd7d2006f220d918.jpg", "checksum": "d6a7fe2e36c8105540130da993b41290", "status": "downloaded"}]}
{"title": "World\u2019s Greatest Books For Personal Growth & Wealth (Set of 4 Books): Perfect Motivational Gift Set", "price": "World\u2019s Greatest Books For Personal Growth & Wealth (Set of 4 Books): Perfect Motivational Gift Set", "image_urls": ["https://m.media-amazon.com/images/I/71frknp-CWL._AC_UY218_.jpg"], "discount": "\n\n\n\nFrancesc Miralles\n\n\n", "images": [{"url": "https://m.media-amazon.com/images/I/71frknp-CWL._AC_UY218_.jpg", "path": "full/fda324d0f7d825b58fff791a181747582b5e9afa.jpg", "checksum": "191d2138d25ee6338a5f884bdf36c029", "status": "downloaded"}]}
{"title": "Think Like a Monk: The secret of how to harness the power of positivity and be happy now", "price": "Think Like a Monk: The secret of how to harness the power of positivity and be happy now", "image_urls": ["https://m.media-amazon.com/images/I/81s6DUyQCZL._AC_UY218_.jpg"], "discount": "\n\n\n\nJ.K. Rowling\n\n\n", "images": [{"url": "https://m.media-amazon.com/images/I/81s6DUyQCZL._AC_UY218_.jpg", "path": "full/93452cc2f5f1942fd7e484c873e30859fba4ebfa.jpg", "checksum": "952c3206eb53bae78b7505c48ca692d7", "status": "downloaded"}]}
{"title": "Eating in the Age of Dieting", "price": "Eating in the Age of Dieting", "image_urls": ["https://m.media-amazon.com/images/I/61nWWVcL3AL._AC_UY218_.jpg"], "discount": "\n\n\n\nPaulo Coelho\n\n\n", "images": [{"url": "https://m.media-amazon.com/images/I/61nWWVcL3AL._AC_UY218_.jpg", "path": "full/515d41544a3f7182ecaea22ffaeefb7c64535500.jpg", "checksum": "1a3d9e665ad6acc0498348c1d561e352", "status": "downloaded"}]}
{"title": "My First Library: Boxset of 10 Board Books for Kids", "price": "My First Library: Boxset of 10 Board Books for Kids", "image_urls": ["https://m.media-amazon.com/images/I/71Pq5G9+XgL._AC_UY218_.jpg"], "discount": "\n\n\n\nRuskin Bond\n\n\n", "images": [{"url": "https://m.media-amazon.com/images/I/71Pq5G9+XgL._AC_UY218_.jpg", "path": "full/b8611a2804e78a58c796b89283906f27ddd76209.jpg", "checksum": "f10706f527db7cdf28344309f06305a4", "status": "downloaded"}]}
{"title": "NOTES BOOK FOR INDUSTRIAL RELATION AND LABOUR LAW: Special Edition for UPSC EPFO (PART-1 NOTES ON IR AND LABOUR LAW)", "price": "NOTES BOOK FOR INDUSTRIAL RELATION AND LABOUR LAW: Special Edition for UPSC EPFO (PART-1 NOTES ON IR AND LABOUR LAW)", "image_urls": ["https://m.media-amazon.com/images/I/81J8YJv7zQL._AC_UY218_.jpg"], "discount": "\n\n\n\nDreamland Publications\n\n\n", "images": [{"url": "https://m.media-amazon.com/images/I/81J8YJv7zQL._AC_UY218_.jpg", "path": "full/7dbdac7b53a15bf63d51782387c75cb1ec58d7f0.jpg", "checksum": "5dc1e5acff0c64826422dbb0cebd6a8f", "status": "downloaded"}]}
{"title": "The Subtle Art of Not Giving a F*ck: A Counterintuitive Approach to Living a Good Life", "price": "The Subtle Art of Not Giving a F*ck: A Counterintuitive Approach to Living a Good Life", "image_urls": ["https://m.media-amazon.com/images/I/71t4GuxLCuL._AC_UY218_.jpg"], "discount": "\n\n\n\nWonder House Books\n\n\n", "images": [{"url": "https://m.media-amazon.com/images/I/71t4GuxLCuL._AC_UY218_.jpg", "path": "full/dd397134c6dad9eed20141e7b3bcf9bb95b72115.jpg", "checksum": "cefaee1a97256537b0b5a0dc71bd2cc8", "status": "downloaded"}]}
{"title": "Activity Books Collection for Early Learning by InIkao : Set of 8 Activity Books for Kindergarten kids", "price": "Activity Books Collection for Early Learning by InIkao : Set of 8 Activity Books for Kindergarten kids", "image_urls": ["https://m.media-amazon.com/images/I/715FzkeAFNL._AC_UY218_.jpg"], "discount": "\n\n\n\nHardcover\n\n\n", "images": [{"url": "https://m.media-amazon.com/images/I/715FzkeAFNL._AC_UY218_.jpg", "path": "full/cf3e9bc9d562ecb9cc429be2f80a8c24d8c30081.jpg", "checksum": "a5f52f8b257cdd80d9dfa4b96e799102", "status": "downloaded"}]}
{"title": "The Theory of Everything: The Origin and Fate of the Universe", "price": "The Theory of Everything: The Origin and Fate of the Universe", "image_urls": ["https://m.media-amazon.com/images/I/51oHUvYzbsL._AC_UY218_.jpg"], "discount": "\n\n\n\nAudio CD\n\n\n", "images": [{"url": "https://m.media-amazon.com/images/I/51oHUvYzbsL._AC_UY218_.jpg", "path": "full/6508dc1f1551942d0c57efdc6cd95e47258c78c5.jpg", "checksum": "e70c487f6e0b509ffbb1bf17a25712be", "status": "downloaded"}]}
{"title": "Star Force: Blood on the Stars (Star Force Universe Book 82)", "price": "Star Force: Blood on the Stars (Star Force Universe Book 82)", "image_urls": ["https://m.media-amazon.com/images/I/81ZZlFZf4uL._AC_UY218_.jpg"], "discount": "\n\n\n\nHardcover\n\n\n", "images": [{"url": "https://m.media-amazon.com/images/I/81ZZlFZf4uL._AC_UY218_.jpg", "path": "full/92137909b7c55606677aa07a06f82d160936c2fc.jpg", "checksum": "3afdce29de25a8bf14a50f9615e5da53", "status": "downloaded"}]}
{"title": "PPSC ( Punjab Public Service Commission ) Naib Tehsildar Recruitment Test Guide 2021 in English Medium", "price": "PPSC ( Punjab Public Service Commission ) Naib Tehsildar Recruitment Test Guide 2021 in English Medium", "image_urls": ["https://m.media-amazon.com/images/I/61GtQxcp3OL._AC_UY218_.jpg"], "discount": "\n\n\n\nRujuta Diwekar\n\n\n", "images": [{"url": "https://m.media-amazon.com/images/I/61GtQxcp3OL._AC_UY218_.jpg", "path": "full/94952e0309d1b278803f30c4b2c063a58ee72543.jpg", "checksum": "a7e5ccd0bd38684afe691b5899a93134", "status": "downloaded"}]}
{"title": "Book for Intelligence Bureau ACIO Grade-II 2020-2021 Exam English Medium Guide", "price": "Book for Intelligence Bureau ACIO Grade-II 2020-2021 Exam English Medium Guide", "image_urls": ["https://m.media-amazon.com/images/I/81MDgh-lynL._AC_UY218_.jpg"], "discount": "\n\n\n\nMark Manson\n\n\n", "images": [{"url": "https://m.media-amazon.com/images/I/81MDgh-lynL._AC_UY218_.jpg", "path": "full/ebbfbbafa435a91d4e6c9aba2fe46537721816b6.jpg", "checksum": "5a1e9293f386408444412c1027ef7882", "status": "downloaded"}]}
{"title": "The Psychology of Money", "price": "The Psychology of Money", "image_urls": ["https://m.media-amazon.com/images/I/81cpDaCJJCL._AC_UY218_.jpg"], "discount": "\n\n\n\nChetan Bhagat\n\n\n", "images": [{"url": "https://m.media-amazon.com/images/I/81cpDaCJJCL._AC_UY218_.jpg", "path": "full/34fb51a590bdd034b03d08330473006937f305ce.jpg", "checksum": "3987be554e48b4496e229e1d2fba9d91", "status": "downloaded"}]}
{"title": "Simplified Chalu Ghadamodi Diary Yearbook 2021 - 17th Edition (Marathi)", "price": "Simplified Chalu Ghadamodi Diary Yearbook 2021 - 17th Edition (Marathi)", "image_urls": ["https://m.media-amazon.com/images/I/71RMY7ivvtL._AC_UY218_.jpg"], "discount": "\n\n\n\nAudio CD\n\n\n", "images": [{"url": "https://m.media-amazon.com/images/I/71RMY7ivvtL._AC_UY218_.jpg", "path": "full/edcfee3717270cdd21110459a9d435f26e8ad024.jpg", "checksum": "16d4720f3a6924048fe2ce6fe5a3c52b", "status": "downloaded"}]}
