{"title": "Spotify announces an exclusive podcast deal with filmmaker Ava DuVernay", "author": "Anthony Ha", "publish_date": "Thu, 21 Jan 2021 18:03:57 +0000", "link": "https://techcrunch.com/2021/01/21/spotify-announces-an-exclusive-podcast-deal-with-filmmaker-ava-duvernay/", "images": []}
{"title": "Decrypted: With more SolarWinds fallout, Biden picks his cybersecurity team", "author": "Zack Whittaker", "publish_date": "Thu, 21 Jan 2021 18:00:14 +0000", "link": "https://techcrunch.com/2021/01/21/decrypted-with-more-solarwinds-fallout-biden-picks-his-cybersecurity-team/", "images": []}
{"title": "Facebook\u2019s Oversight Board will review the decision to suspend Trump", "author": "Taylor Hatmaker", "publish_date": "Thu, 21 Jan 2021 17:57:34 +0000", "link": "https://techcrunch.com/2021/01/21/facebook-oversight-board-trump-facebook-suspension/", "images": []}
{"title": "Bodyguard is a mobile app that hides toxic content on social platforms", "author": "Romain Dillet", "publish_date": "Thu, 21 Jan 2021 17:31:57 +0000", "link": "https://techcrunch.com/2021/01/21/bodyguard-is-a-mobile-app-that-hides-toxic-content-on-social-platforms/", "images": []}
{"title": "Why you should add TechCrunch Early Stage 2021 to your must-attend list", "author": "Alexandra Ames", "publish_date": "Thu, 21 Jan 2021 17:03:58 +0000", "link": "https://techcrunch.com/2021/01/21/why-you-should-add-techcrunch-early-stage-2021-to-your-must-attend-list/", "images": []}
{"title": "These are the 20 companies presenting at Alchemist Accelerator\u2019s 26th Demo Day today", "author": "Greg Kumparak", "publish_date": "Thu, 21 Jan 2021 17:01:59 +0000", "link": "https://techcrunch.com/2021/01/21/these-are-the-20-companies-presenting-at-alchemist-accelerators-26th-demo-day-today/", "images": []}
{"title": "Walking Duck is a digital news startup trying to find middle ground in U.S. politics", "author": "Anthony Ha", "publish_date": "Thu, 21 Jan 2021 16:56:36 +0000", "link": "https://techcrunch.com/2021/01/21/walking-duck-launch/", "images": []}
{"title": "A.I.-powered transcription service Otter.ai can now record from Google Meet", "author": "Sarah Perez", "publish_date": "Thu, 21 Jan 2021 16:56:12 +0000", "link": "https://techcrunch.com/2021/01/21/a-i-powered-transcription-service-otter-ai-can-now-record-from-google-meet/", "images": []}
{"title": "8 VCs agree: Behavioral support and remote visits make digital health a strong bet for 2021", "author": "Sarah Buhr", "publish_date": "Thu, 21 Jan 2021 16:30:34 +0000", "link": "https://techcrunch.com/2021/01/21/8-vcs-agree-behavioral-support-and-remote-visits-make-digital-health-a-strong-bet-for-2021/", "images": []}
{"title": "Samsung Galaxy S21 Ultra review: Camera refinements are nice, but the price drop\u2019s the thing", "author": "Brian Heater", "publish_date": "Thu, 21 Jan 2021 16:00:45 +0000", "link": "https://techcrunch.com/2021/01/21/samsung-galaxy-s21-review-come-for-the-price-drop-stay-for-the-camera/", "images": []}
{"title": "Plaid launches FinRise, an incubator for underrepresented fintech founders", "author": "Natasha Mascarenhas", "publish_date": "Thu, 21 Jan 2021 16:00:16 +0000", "link": "https://techcrunch.com/2021/01/21/plaid-launches-finrise-an-incubator-for-underrepresented-fintech-founders/", "images": []}
{"title": "Hot IPOs hang onto gains as investors keep betting on tech", "author": "Alex Wilhelm", "publish_date": "Thu, 21 Jan 2021 15:48:27 +0000", "link": "https://techcrunch.com/2021/01/21/hot-ipos-hang-onto-gains-as-investors-keep-betting-on-tech/", "images": []}
{"title": "YouTube launches hashtag landing pages to all users", "author": "Sarah Perez", "publish_date": "Thu, 21 Jan 2021 15:47:38 +0000", "link": "https://techcrunch.com/2021/01/21/youtube-launches-hashtag-landing-pages-to-all-users/", "images": []}
{"title": "South African startup Aerobotics raises $17M to scale its AI-for-agriculture platform", "author": "Tage Kene-Okafor", "publish_date": "Thu, 21 Jan 2021 15:43:00 +0000", "link": "https://techcrunch.com/2021/01/21/south-africa-startup-aerobotics-raises-17m-led-by-naspers-foundry/", "images": []}
{"title": "PlayVS acquires GameSeta to accelerate expansion into Canada", "author": "Jordan Crook", "publish_date": "Thu, 21 Jan 2021 15:35:41 +0000", "link": "https://techcrunch.com/2021/01/21/playvs-acquires-gameseta-to-accelerate-expansion-into-canada/", "images": []}
{"title": "MIT aims to speed up robot movements to match robot thoughts using custom chips", "author": "Darrell Etherington", "publish_date": "Thu, 21 Jan 2021 15:06:34 +0000", "link": "https://techcrunch.com/2021/01/21/mit-aims-to-speed-up-robot-movements-to-match-robot-thoughts-using-custom-chips/", "images": []}
{"title": "Cloud infrastructure startup CloudNatix gets $4.5 million seed round led by DNX Ventures", "author": "Catherine Shu", "publish_date": "Thu, 21 Jan 2021 15:00:19 +0000", "link": "https://techcrunch.com/2021/01/21/cloud-infrastructure-startup-cloudnatix-gets-4-5-million-seed-round-led-by-dnx-ventures/", "images": []}
{"title": "TripActions raises $155M at $5B valuation as corporate travel recovers from pandemic lows", "author": "Alex Wilhelm", "publish_date": "Thu, 21 Jan 2021 14:48:00 +0000", "link": "https://techcrunch.com/2021/01/21/tripactions-raises-155m-at-5b-valuation-as-corporate-travel-recovers-from-pandemic-lows/", "images": []}
{"title": "The biggest step the Biden administration took on climate yesterday wasn\u2019t rejoining the Paris Agreement", "author": "Jonathan Shieber", "publish_date": "Thu, 21 Jan 2021 14:19:48 +0000", "link": "https://techcrunch.com/2021/01/21/the-biggest-step-the-biden-administration-took-on-climate-yesterday-wasnt-rejoining-the-paris-agreement/", "images": []}
{"title": "Soci raises $80M for its localized marketing platform", "author": "Anthony Ha", "publish_date": "Thu, 21 Jan 2021 14:02:19 +0000", "link": "https://techcrunch.com/2021/01/21/soci-series-d/", "images": []}
